ukprn,university,kiscourseid,title,crseurl,foundation_year_available,placement_year,year_abroad,median_salary
10007792,University of Exeter,UFA3CMMCMM01_P304,Media and Communications,https://www.exeter.ac.uk/study/undergraduate/courses2025/communications/comms/,No,Yes,Yes,25000
10007792,University of Exeter,UFA3CTHCTH02_Q800,Classics,https://www.exeter.ac.uk/study/undergraduate/courses2025/classics/classics/,No,Yes,Yes,26000
10007792,University of Exeter,UFA3CTHCTH05_V110,Ancient History,http://www.exeter.ac.uk/undergraduate/courses2025/classics/ancient/,No,Yes,Yes,26000
10007792,University of Exeter,UFA3CTHCTH11_Q801,Classical Studies,https://www.exeter.ac.uk/study/undergraduate/courses2025/classics/classical/,No,Yes,Yes,26000
10007792,University of Exeter,UFA3CTHCTH14_V615,Theology and Religion,https://www.exeter.ac.uk/study/undergraduate/courses2025/theology/theology,No,Yes,Yes,26000
10007792,University of Exeter,UFA3CTHCTH16_V617,"Religion, Culture and Society",https://www.exeter.ac.uk/study/undergraduate/courses2025/theology/religion/,No,Yes,Yes,26000
10007792,University of Exeter,UFA3CTHCTH17_QV90,Classical Studies and Religion,https://www.exeter.ac.uk/study/undergraduate/courses2025/classics/religion/,No,Yes,Yes,26000
10007792,University of Exeter,UFA3CTHEGL01_QQ3V,Classical Studies and English,https://www.exeter.ac.uk/undergraduate/courses2025/classics/classics-english/,No,Yes,Yes,25000
10007792,University of Exeter,UFA3CTHGOA01_VVC4,Ancient History and Archaeology,https://www.exeter.ac.uk/study/undergraduate/courses2025/classics/ancientarch/,No,Yes,Yes,23000
10007792,University of Exeter,UFA3CTHHPS01_QVV5,Classical Studies and Philosophy,https://www.exeter.ac.uk/study/undergraduate/courses2025/classics/classics-philosophy,No,Yes,Yes,26000
10007792,University of Exeter,UFA3DRAEGL01_W404,Drama and Film & Television Studies,https://www.exeter.ac.uk/study/undergraduate/courses2025/drama/dramafilm,No,Yes,Yes,25000
10007792,University of Exeter,UFA3EGLCMM01_Q326,English and Media and Communications,https://www.exeter.ac.uk/study/undergraduate/courses2025/english/english-comms/,No,Yes,Yes,25000
10007792,University of Exeter,UFA3EGLEGL06_Q310,English with Study in North America,https://www.exeter.ac.uk/study/undergraduate/courses2025/english/englishna,No,No,Yes,25000
10007792,University of Exeter,UFA3EGLEGL11_Q300,English,https://www.exeter.ac.uk/study/undergraduate/courses2025/english/english,No,Yes,Yes,25000
10007792,University of Exeter,UFA3EGLEGL12_W600,Film and Television Studies,https://www.exeter.ac.uk/study/undergraduate/courses2025/film/film/,No,Yes,Yes,25000
10007792,University of Exeter,UFA3EGLEGL13_Q3W6,English and Film & Television Studies,https://www.exeter.ac.uk/study/undergraduate/courses2025/english/film,No,Yes,Yes,25000
10007792,University of Exeter,UFA3EGLEGL14_Q317,English and Creative Writing,https://www.exeter.ac.uk/study/undergraduate/courses2025/english/creative/,No,Yes,Yes,25000
10007792,University of Exeter,UFA3EGLEGLCC_QVH3,Environmental Humanities,https://www.exeter.ac.uk/study/undergraduate/courses2025/envhum/envhum,No,Yes,Yes,28000
10007792,University of Exeter,UFA3EGLHPS01_QV01,English and History,https://www.exeter.ac.uk/study/undergraduate/courses2025/english/history/,No,Yes,Yes,25000
10007792,University of Exeter,UFA3EGLSPA02_WQ34,English and Drama,https://www.exeter.ac.uk/study/undergraduate/courses2025/english/engdrama,No,Yes,Yes,25000
10007792,University of Exeter,UFA3FSTCMM01_W608,Film and Television Studies and Media and Communications,https://www.exeter.ac.uk/study/undergraduate/courses2025/film/film-comms/,No,Yes,Yes,25000
10007792,University of Exeter,UFA3GOAGOA04_L705,Geography,https://www.exeter.ac.uk/study/undergraduate/courses2025/geography/exegeogba,No,Yes,Yes,27500
10007792,University of Exeter,UFA3GOAGOA07_V400,Archaeology,https://www.exeter.ac.uk/study/undergraduate/courses2025/archaeology/arch,No,Yes,Yes,23000
10007792,University of Exeter,UFA3GOAGOA08_VL46,Archaeology and Anthropology,https://www.exeter.ac.uk/study/undergraduate/courses2025/archaeology/archanth,No,Yes,Yes,26500
10007792,University of Exeter,UFA3HPSCTH04_QV83,Art History & Visual Culture and Classical Studies,https://www.exeter.ac.uk/study/undergraduate/courses2025/art/arthistclassics,No,Yes,Yes,28000
10007792,University of Exeter,UFA3HPSCTH05_V111,History and Ancient History,https://www.exeter.ac.uk/study/undergraduate/courses2025/history/history-ancient,No,Yes,Yes,28000
10007792,University of Exeter,UFA3HPSCTH06_VV5T,"Philosophy, Religion and Ethics",https://www.exeter.ac.uk/study/undergraduate/courses2025/philosophy/religion,No,Yes,Yes,25000
10007792,University of Exeter,UFA3HPSEGL02_QV33,Art History & Visual Culture and English,https://www.exeter.ac.uk/study/undergraduate/courses2025/art/arthistenglish,No,Yes,Yes,25000
10007792,University of Exeter,UFA3HPSGOACA_LL28,Politics and Geography,https://www.exeter.ac.uk/study/undergraduate/courses2025/politics/geography,No,Yes,Yes,29000
10007792,University of Exeter,UFA3HPSGOACB_V124,History and Geography,https://www.exeter.ac.uk/study/undergraduate/courses2025/history/history-geography-corn,No,Yes,Yes,28000
10007792,University of Exeter,UFA3HPSHPS01_L200,Politics,https://www.exeter.ac.uk/study/undergraduate/courses2025/politics/politics,No,Yes,Yes,29000
10007792,University of Exeter,UFA3HPSHPS03_LLH2,Politics and Sociology,https://www.exeter.ac.uk/study/undergraduate/courses2025/politics/sociology,No,No,Yes,25500
10007792,University of Exeter,UFA3HPSHPS06_L300,Sociology,https://www.exeter.ac.uk/study/undergraduate/courses2025/sociology/sociology,No,Yes,Yes,25500
10007792,University of Exeter,UFA3HPSHPS07_VL53,Philosophy and Sociology,https://www.exeter.ac.uk/study/undergraduate/courses2025/philosophy/sociology,No,No,Yes,25500
10007792,University of Exeter,UFA3HPSHPS09_VL52,Philosophy and Politics,https://www.exeter.ac.uk/study/undergraduate/courses2025/philosophy/politics/,No,No,Yes,29000
10007792,University of Exeter,UFA3HPSHPS15_L250,International Relations,https://www.exeter.ac.uk/study/undergraduate/courses2025/politics/intrelations/,No,Yes,Yes,29000
10007792,University of Exeter,UFA3HPSHPS18_V500,Philosophy,https://www.exeter.ac.uk/study/undergraduate/courses2025/philosophy/philosophy/,No,No,Yes,25000
10007792,University of Exeter,UFA3HPSHPS29_L3L6,Sociology and Anthropology,https://www.exeter.ac.uk/study/undergraduate/courses2025/sociology/anthropology/,No,No,Yes,26500
10007792,University of Exeter,UFA3HPSHPS30_L600,Anthropology,https://www.exeter.ac.uk/study/undergraduate/courses2025/anthropology/anthropologyba/,No,No,Yes,26500
10007792,University of Exeter,UFA3HPSHPS31_LA99,Liberal Arts,https://www.exeter.ac.uk/study/undergraduate/courses2025/libarts/liberal/,No,Yes,Yes,30000
10007792,University of Exeter,UFA3HPSHPS34_LM39,Sociology and Criminology,https://www.exeter.ac.uk/study/undergraduate/courses2025/sociology/criminology/,No,Yes,Yes,25500
10007792,University of Exeter,UFA3HPSHPS35_V100,History,https://www.exeter.ac.uk/study/undergraduate/courses2025/history/historyexe/,No,Yes,Yes,28000
10007792,University of Exeter,UFA3HPSHPS36_VV16,History and Archaeology,https://www.exeter.ac.uk/study/undergraduate/courses2025/history/hist-arch/,No,Yes,Yes,28000
10007792,University of Exeter,UFA3HPSHPS37_VV31,Art History & Visual Culture and History,https://www.exeter.ac.uk/study/undergraduate/courses2025/art/arthisthistory/,No,Yes,Yes,28000
10007792,University of Exeter,UFA3HPSHPS38_VV51,Philosophy and History,https://www.exeter.ac.uk/study/undergraduate/courses2025/philosophy/history/,No,No,Yes,28000
10007792,University of Exeter,UFA3HPSHPSCD_VLC2,History and Politics,https://www.exeter.ac.uk/study/undergraduate/courses2025/history/history-politics-corn/,No,Yes,Yes,29000
10007792,University of Exeter,UFA3HPSHPSCF_V102,History,https://www.exeter.ac.uk/study/undergraduate/courses2025/history/bahistory/,No,Yes,Yes,28000
10007792,University of Exeter,UFA3HPSHPSCH_4519,Politics and International Relations,https://www.exeter.ac.uk/study/undergraduate/courses2025/politics/cornwallpolir/,No,Yes,Yes,29000
10007792,University of Exeter,UFA3HPSHPSCJ_VLF2,History and International Relations,https://www.exeter.ac.uk/study/undergraduate/courses2025/history/intrel-corn/,No,Yes,Yes,29000
10007792,University of Exeter,UFA3HPSHPSCK_L254,Global Politics,https://www.exeter.ac.uk/study/undergraduate/courses2025/politics/cornwallir/,No,Yes,Yes,29000
10007792,University of Exeter,UFA3HPSSBE02_L0V0,"Politics, Philosophy and Economics",https://www.exeter.ac.uk/study/undergraduate/courses2025/politics/ppe/,No,No,Yes,35000
10007792,University of Exeter,UFA3HPSSBECA_V120,History and Business,https://www.exeter.ac.uk/study/undergraduate/courses2025/history/history-business-corn/,No,Yes,Yes,32000
10007792,University of Exeter,UFA3HPSSPA01_WW42,Art History & Visual Culture and Drama,https://www.exeter.ac.uk/study/undergraduate/courses2025/art/arthistdrama/,No,Yes,Yes,28000
10007792,University of Exeter,UFA3HPSVCU02_VW31,Art History and Visual Culture,https://www.exeter.ac.uk/study/undergraduate/courses2025/art/arthist/,No,Yes,Yes,28000
10007792,University of Exeter,UFA3IAIIAI06_T604,Middle East Studies,https://www.exeter.ac.uk/study/undergraduate/courses2025/arabislamic/mideast/,No,No,No,28000
10007792,University of Exeter,UFA3MLXMLX03_Q204,Comparative Literatures and Cultures and Modern Languages,https://www.exeter.ac.uk/study/undergraduate/courses2025/languages/literature/,No,Yes,Yes,25000
10007792,University of Exeter,UFA3SMLEGL01_QV36,Art History & Visual Culture and Film & Television Studies,https://www.exeter.ac.uk/study/undergraduate/courses2025/art/arthistfilm/,No,Yes,Yes,28000
10007792,University of Exeter,UFA3SPASPA01_W400,Drama,https://www.exeter.ac.uk/study/undergraduate/courses2025/drama/drama/,No,Yes,Yes,24000
10007792,University of Exeter,UFA4CMMSML01_Q330,Media and Communications and Modern Languages,https://www.exeter.ac.uk/study/undergraduate/courses2025/communications/comms-modlang/,No,No,Yes,28000
10007792,University of Exeter,UFA4CTHSML07_QR05,Classical Studies and Modern languages,https://www.exeter.ac.uk/study/undergraduate/courses2025/classics/classics-modlang/,No,Yes,Yes,28000
10007792,University of Exeter,UFA4EGLSML09_QR06,English & Modern Languages,https://www.exeter.ac.uk/study/undergraduate/courses2025/english/english-modlang/,No,Yes,Yes,25000
10007792,University of Exeter,UFA4EGLSML11_WR07,Film & Television Studies and Modern Languages,https://www.exeter.ac.uk/study/undergraduate/courses2025/film/film-modlang/,No,Yes,Yes,28000
10007792,University of Exeter,UFA4HPSSML32_LR01,International Relations and Modern languages,https://www.exeter.ac.uk/study/undergraduate/courses2025/politics/intlrel_modlang/,No,Yes,Yes,29000
10007792,University of Exeter,UFA4HPSSML34_VR04,Philosophy & Modern Languages,https://www.exeter.ac.uk/study/undergraduate/courses2025/philosophy/modlang/,No,Yes,Yes,28000
10007792,University of Exeter,UFA4HPSSML35_LR02,Politics and Modern Languages,https://www.exeter.ac.uk/study/undergraduate/courses2025/politics/modlang/,No,Yes,Yes,29000
10007792,University of Exeter,UFA4HPSSML36_LR03,Sociology and Modern Languages,https://www.exeter.ac.uk/study/undergraduate/courses2025/sociology/modlang/,No,Yes,Yes,25500
10007792,University of Exeter,UFA4HPSSML37_VR39,Art History & Visual Culture and Modern Languages,https://www.exeter.ac.uk/study/undergraduate/courses2025/art/arthistmodlang/,No,Yes,Yes,28000
10007792,University of Exeter,UFA4HPSSML50_VR08,History and Modern Languages,https://www.exeter.ac.uk/study/undergraduate/courses2025/history/history-modlang/,No,Yes,Yes,28000
10007792,University of Exeter,UFA4IAIHPS01_T606,Arabic and Politics,https://www.exeter.ac.uk/study/undergraduate/courses2025/arabislamic/arabic_politics/,No,No,Yes,29000
10007792,University of Exeter,UFA4SBESML01_NN13,International Business and Modern Languages,https://www.exeter.ac.uk/study/undergraduate/courses2025/business/international/,No,Yes,Yes,32000
10007792,University of Exeter,UFA4SMLCTH03_RT61,Modern Languages and Latin,https://www.exeter.ac.uk/study/undergraduate/courses2025/languages/latin/,No,Yes,Yes,28000
10007792,University of Exeter,UFA4SMLIAI06_RT60,Modern Languages and Arabic,https://www.exeter.ac.uk/study/undergraduate/courses2025/languages/modlang-arabic/,No,No,Yes,28000
10007792,University of Exeter,UFA4SMLSML41_R900,Modern Languages,https://www.exeter.ac.uk/study/undergraduate/courses2025/languages/modlang/,No,Yes,Yes,28000
10007792,University of Exeter,UFB5EMSEMS01_A100,Medicine,https://www.exeter.ac.uk/study/undergraduate/courses2025/medicine/medicine/,No,No,No,35000
10007792,University of Exeter,UFE3LAWSBECA_NM00,Business Laws,https://www.exeter.ac.uk/study/undergraduate/courses2025/law/bbllaw/,No,Yes,No,27000
10007792,University of Exeter,UFF301_Y004,Flexible Combined Honours,https://www.exeter.ac.uk/study/undergraduate/courses2025/flexible/exeter/,No,Yes,Yes,32000
10007792,University of Exeter,UFL2LAWLAW01_M106,Graduate Law,https://www.exeter.ac.uk/study/postgraduate/courses/law/graduatellb/,No,No,No,27000
10007792,University of Exeter,UFL3LAWLAW01_M103,Law,https://www.exeter.ac.uk/study/undergraduate/courses2025/law/law/,No,Yes,Yes,27000
10007792,University of Exeter,UFL3LAWSBECA_M111,Law with Business,https://www.exeter.ac.uk/study/undergraduate/courses2025/law/lawbusiness/,No,Yes,No,27000
10007792,University of Exeter,UFL4LAWLAW06_M120,English Law and French Law/Master 1 (Maitrise),https://www.exeter.ac.uk/study/undergraduate/courses2025/law/master1/,No,No,Yes,27000
10007792,University of Exeter,UFL4LAWLAW10_M127,Dual LLB/Juris Doctor (JD) with the Chinese University of Hong Kong,https://www.exeter.ac.uk/study/undergraduate/courses2025/law/law_llb_jd/,No,No,Yes,27000
10007792,University of Exeter,UFN3CSMCSMCG_H803,Renewable Energy Engineering,https://www.exeter.ac.uk/study/undergraduate/courses2025/energy/energy-engineering-beng/,Yes,No,No,31500
10007792,University of Exeter,UFN3ECSECS01_HN12,Engineering and Management,https://www.exeter.ac.uk/study/undergraduate/courses2025/engineering/management/,No,Yes,No,31500
10007792,University of Exeter,UFN3ECSECS05_H705,Engineering and Entrepreneurship,https://www.exeter.ac.uk/study/undergraduate/courses2025/engineering/entrepreneurshipbeng/,No,No,No,31500
10007792,University of Exeter,UFN3ECSECS06_H101,Engineering,https://www.exeter.ac.uk/study/undergraduate/courses2025/engineering/engineering/,Yes,No,No,31500
10007792,University of Exeter,UFN3ECSECS08_H200,Civil Engineering,https://www.exeter.ac.uk/study/undergraduate/courses2025/engineering/civil/,Yes,Yes,No,29500
10007792,University of Exeter,UFN3ECSECS09_H300,Mechanical Engineering,https://www.exeter.ac.uk/study/undergraduate/courses2025/engineering/mechanical/,Yes,Yes,No,32000
10007792,University of Exeter,UFN3ECSECS26_H114,Chemical Engineering,https://www.exeter.ac.uk/study/undergraduate/courses2025/engineering/chemical/,Yes,No,No,31500
10007792,University of Exeter,UFN3ECSECS27_H110,Robotics and Artifical Intelligence,https://www.exeter.ac.uk/study/undergraduate/courses2025/engineering/robotics/,Yes,No,No,31500
10007792,University of Exeter,UFN3ECSECSCA_H135,Environmental Engineering,https://www.exeter.ac.uk/study/undergraduate/courses2025/engineering/environmental/,Yes,No,No,31500
10007792,University of Exeter,UFN3ENSENS01_H128,Electrical and Electronic Engineering,https://www.exeter.ac.uk/study/undergraduate/courses2025/engineering/electronic/,Yes,Yes,No,32500
10007792,University of Exeter,UFS3BIOBIO01_C100,Biological Sciences,https://www.exeter.ac.uk/study/undergraduate/courses2025/biosciences/biosci/,No,Yes,Yes,24000
10007792,University of Exeter,UFS3BIOBIO03_C724,Biochemistry,https://www.exeter.ac.uk/study/undergraduate/courses2025/biosciences/biochem/,No,Yes,Yes,24000
10007792,University of Exeter,UFS3CHEBIO01_CF71,Biological and Medicinal Chemistry,https://www.exeter.ac.uk/study/undergraduate/courses2025/biosciences/biomed/,No,Yes,Yes,24000
10007792,University of Exeter,UFS3CSMCSMCC_F644,Engineering Geology and Geotechnics,https://www.exeter.ac.uk/study/undergraduate/courses2025/geology/engineering/,No,No,No,27000
10007792,University of Exeter,UFS3CSMCSMCF_F600,Geology,https://www.exeter.ac.uk/study/undergraduate/courses2025/geology/geology/,No,No,No,27000
10007792,University of Exeter,UFS3CSMCSMCG_F617,Resource and Exploration Geology,https://www.exeter.ac.uk/study/undergraduate/courses2025/geology/resourcebsc/,No,No,No,27000
10007792,University of Exeter,UFS3CSMCSMCH_F756,Environmental Geoscience,https://www.exeter.ac.uk/study/undergraduate/courses2025/geology/environmental/,No,No,No,27000
10007792,University of Exeter,UFS3ECCECCCA_D391,Animal Behaviour,https://www.exeter.ac.uk/study/undergraduate/courses2025/ecology/animal/,No,Yes,Yes,22000
10007792,University of Exeter,UFS3ECCECCCB_C190,Conservation Biology and Ecology,https://www.exeter.ac.uk/study/undergraduate/courses2025/ecology/conservation/,No,Yes,Yes,24000
10007792,University of Exeter,UFS3ECCECCCC_C182,Evolutionary Biology,https://www.exeter.ac.uk/study/undergraduate/courses2025/ecology/evobiology/,No,Yes,Yes,24000
10007792,University of Exeter,UFS3ECCECCCD_C300,Zoology,https://www.exeter.ac.uk/study/undergraduate/courses2025/ecology/zoology/,No,Yes,Yes,22000
10007792,University of Exeter,UFS3ECCECCCE_CF17,Marine Biology,https://www.exeter.ac.uk/study/undergraduate/courses2025/ecology/marinebio/,No,No,No,24000
10007792,University of Exeter,UFS3ECSECS15_I400,Computer Science,https://www.exeter.ac.uk/study/undergraduate/courses2025/computerscience/comsci/,No,Yes,No,33500
10007792,University of Exeter,UFS3ECSECS16_GG16,Data Science,https://www.exeter.ac.uk/study/undergraduate/courses2025/datascience/databsc/,No,No,No,33500
10007792,University of Exeter,UFS3ECSMAS12_GG41,Computer Science and Mathematics,https://www.exeter.ac.uk/study/undergraduate/courses2025/computerscience/comscimaths/,No,Yes,No,30000
10007792,University of Exeter,UFS3EMSEMS02_B821,Medical Imaging (Diagnostic Radiography),https://www.exeter.ac.uk/study/undergraduate/courses2025/medical-imaging/imaging/,No,No,No,28000
10007792,University of Exeter,UFS3EMSEMS05_B140,Neuroscience,https://www.exeter.ac.uk/study/undergraduate/courses2025/neuroscience/neuroscience/,No,Yes,No,27500
10007792,University of Exeter,UFS3EMSEMS07_B701,Adult Nursing,https://www.exeter.ac.uk/study/undergraduate/courses2025/nursing/adult/,No,No,No,27500
10007792,University of Exeter,UFS3EMSEMS08_B111,Biomedical Sciences,https://www.exeter.ac.uk/study/undergraduate/courses2025/medicalsci/biomedical,No,Yes,Yes,27500
10007792,University of Exeter,UFS3EMSSHS01_BC03,Sport and Exercise Medical Sciences,https://www.exeter.ac.uk/study/undergraduate/courses2025/medicalsci/sport-exercise/,No,Yes,No,27500
10007792,University of Exeter,UFS3GAEGAE02_F490,Archaeology with Forensic Science,https://www.exeter.ac.uk/study/undergraduate/courses2025/archaeology/forensic/,No,Yes,Yes,23000
10007792,University of Exeter,UFS3GOABIOCA_F750,Environmental Science,https://www.exeter.ac.uk/study/undergraduate/courses2025/envsci/envsci/,No,Yes,Yes,22500
10007792,University of Exeter,UFS3GOACSMCC_CF21,Marine Science,https://www.exeter.ac.uk/study/undergraduate/courses2025/geography/marine/,No,Yes,Yes,31500
10007792,University of Exeter,UFS3GOAGOA06_F800,Geography,https://www.exeter.ac.uk/study/undergraduate/courses2025/geography/exegeogbsc/,No,Yes,Yes,28000
10007792,University of Exeter,UFS3GOAGOA08_F809,Geography with Applied GIS,https://www.exeter.ac.uk/study/undergraduate/courses2025/geography/geography-gis/,No,Yes,Yes,28000
10007792,University of Exeter,UFS3GOAGOACF_F807,Geography,https://www.exeter.ac.uk/study/undergraduate/courses2025/geography/corngeogbabsc/,No,Yes,Yes,28000
10007792,University of Exeter,UFS3HPSHPS01_L303,Sociology,https://www.exeter.ac.uk/study/undergraduate/courses2025/sociology/sociologybsc/,No,Yes,Yes,25500
10007792,University of Exeter,UFS3HPSHPS04_L292,Politics and International Relations,https://www.exeter.ac.uk/study/undergraduate/courses2025/politics/politicsir/,No,Yes,Yes,29000
10007792,University of Exeter,UFS3HPSHPS05_M900,Criminology,https://www.exeter.ac.uk/study/undergraduate/courses2025/criminology/criminologybsc/,No,No,Yes,25500
10007792,University of Exeter,UFS3HPSHPS06_F420,Archaeological Science,https://www.exeter.ac.uk/study/undergraduate/courses2025/archaeology/arch-science/,No,Yes,Yes,23000
10007792,University of Exeter,UFS3HPSHPS07_L308,Social Data Science,https://www.exeter.ac.uk/study/undergraduate/courses2025/sociology/socialdatabsc/,No,Yes,Yes,29000
10007792,University of Exeter,UFS3HPSHPS08_M902,Crime and Data Science,https://www.exeter.ac.uk/study/undergraduate/courses2025/sociology/crimedatasciencebsc/,No,Yes,Yes,25500
10007792,University of Exeter,UFS3HPSSBECA_LL33,Politics and Manangement,https://www.exeter.ac.uk/study/undergraduate/courses2025/politics/management/,No,Yes,Yes,29000
10007792,University of Exeter,UFS3MASMAS09_G100,Mathematics,https://www.exeter.ac.uk/study/undergraduate/courses2025/mathematics/mathsbsc/,Yes,Yes,No,30000
10007792,University of Exeter,UFS3MASMAS15_GG18,Mathematics and Data Science,https://www.exeter.ac.uk/study/undergraduate/courses2025/mathematics/mathsdatasciencebsc/,No,Yes,No,30000
10007792,University of Exeter,UFS3MASSBE01_G1N2,Mathematics with Management,https://www.exeter.ac.uk/study/undergraduate/courses2025/mathematics/mathsmanage/,No,Yes,No,30000
10007792,University of Exeter,UFS3MASSBE02_G1N4,Mathematics with Accounting,https://www.exeter.ac.uk/study/undergraduate/courses2025/mathematics/mathsaccounting/,No,Yes,No,30000
10007792,University of Exeter,UFS3MASSBE03_G1L1,Mathematics with Economics,https://www.exeter.ac.uk/study/undergraduate/courses2025/mathematics/mathseconomics/,No,Yes,No,30000
10007792,University of Exeter,UFS3MASSBE04_G1N3,Mathematics with Finance,https://www.exeter.ac.uk/study/undergraduate/courses2025/mathematics/mathsfinance/,No,Yes,No,30000
10007792,University of Exeter,UFS3NSCNSC01_CGF0,Natural Sciences,https://www.exeter.ac.uk/study/undergraduate/courses2025/natural-sciences/bsc/,Yes,No,No,31500
10007792,University of Exeter,UFS3PHYPHY11_F300,Physics,https://www.exeter.ac.uk/study/undergraduate/courses2025/physics/physicsbsc/,Yes,Yes,Yes,33000
10007792,University of Exeter,UFS3PHYPHY12_F3F5,Physics with Astrophysics,https://www.exeter.ac.uk/study/undergraduate/courses2025/physics/astrobsc/,No,Yes,Yes,33000
10007792,University of Exeter,UFS3PHYPHY13_F315,Theoretical Physics,https://www.exeter.ac.uk/study/undergraduate/courses2025/physics/theoretical/,No,Yes,Yes,33000
10007792,University of Exeter,UFS3PHYPHY14_F317,Physics with Biophysics,https://www.exeter.ac.uk/study/undergraduate/courses2025/physics/biophysics/,No,Yes,Yes,33000
10007792,University of Exeter,UFS3PHYPHY15_F319,Physics with Quantum Technology,https://www.exeter.ac.uk/study/undergraduate/courses2025/physics/quantum/,No,Yes,Yes,33000
10007792,University of Exeter,UFS3PSYPSY01_C802,Psychology,https://www.exeter.ac.uk/study/undergraduate/courses2025/psychology/psychbsc/,No,Yes,No,25000
10007792,University of Exeter,UFS3SBEGOACA_N116,Business and Environment,https://www.exeter.ac.uk/study/undergraduate/courses2025/business/business-environment/,No,Yes,Yes,32000
10007792,University of Exeter,UFS3SBEHPS01_LL12,Economics and Politics,https://www.exeter.ac.uk/study/undergraduate/courses2025/economics/politics/,No,Yes,Yes,35000
10007792,University of Exeter,UFS3SBESBE01_L100,Economics,https://www.exeter.ac.uk/study/undergraduate/courses2025/economics/economics/,No,Yes,Yes,35000
10007792,University of Exeter,UFS3SBESBE02_L112,Business Economics,https://www.exeter.ac.uk/study/undergraduate/courses2025/economics/busecon/,No,Yes,Yes,35000
10007792,University of Exeter,UFS3SBESBE03_LN13,Economics and Finance,https://www.exeter.ac.uk/study/undergraduate/courses2025/economics/finance/,No,Yes,Yes,35000
10007792,University of Exeter,UFS3SBESBE04_L190,Economics with Econometrics,https://www.exeter.ac.uk/study/undergraduate/courses2025/economics/econometrics/,No,Yes,Yes,35000
10007792,University of Exeter,UFS3SBESBE05_N422,Accounting and Finance,https://www.exeter.ac.uk/study/undergraduate/courses2025/accounting/accountfin/,No,Yes,Yes,33000
10007792,University of Exeter,UFS3SBESBE07_NN41,Accounting and Business,https://www.exeter.ac.uk/study/undergraduate/courses2025/accounting/businessacc/,No,Yes,Yes,33000
10007792,University of Exeter,UFS3SBESBE08_N2N5,Marketing and Management,https://www.exeter.ac.uk/study/undergraduate/courses2025/business/marketing/,No,Yes,Yes,32000
10007792,University of Exeter,UFS3SBESBE09_N202,Business and Management,https://www.exeter.ac.uk/study/undergraduate/courses2025/business/businessman/,No,Yes,Yes,32000
10007792,University of Exeter,UFS3SBESBE11_N300,Business Analytics,https://www.exeter.ac.uk/study/undergraduate/courses2025/business/businessanalytics/,No,Yes,Yes,32000
10007792,University of Exeter,UFS3SBESBE16_NN55,Finance,https://www.exeter.ac.uk/study/undergraduate/courses2025/accounting/finance/,No,Yes,Yes,35000
10007792,University of Exeter,UFS3SBESBECA_N110,Business,https://www.exeter.ac.uk/study/undergraduate/courses2025/business/businessbsc/,No,Yes,Yes,32000
10007792,University of Exeter,UFS3SHSSHS01_C602,Exercise and Sport Sciences,https://www.exeter.ac.uk/study/undergraduate/courses2025/sport/exsport/,No,Yes,Yes,27500
10007792,University of Exeter,UFX4BIOBIO01_C103,Biological Sciences,https://www.exeter.ac.uk/study/undergraduate/courses2025/biosciences/bioscimsci/,No,No,No,24000
10007792,University of Exeter,UFX4BIOBIO02_C738,Biochemistry,https://www.exeter.ac.uk/study/undergraduate/courses2025/biosciences/biochemmsci/,No,No,No,24000
10007792,University of Exeter,UFX4CSMCSMCM_H804,Renewable Energy Engineering,https://www.exeter.ac.uk/undergraduate/courses2025/energy/energy-engineering-meng/,No,No,No,31500
10007792,University of Exeter,UFX4CSMCSMCN_H805,Renewable Energy Engineering with Industrial Experience,https://www.exeter.ac.uk/undergraduate/courses2025/energy/energy-engineering-meng#course-variants,No,No,No,31500
10007792,University of Exeter,UFX4CSMCSMCO_F615,Engineering Geology and Geotechnics,https://www.exeter.ac.uk/undergraduate/courses2025/geology/engineeringmsci/,No,No,No,27000
10007792,University of Exeter,UFX4CSMCSMCP_F616,Resource and Exploration Geology,https://www.exeter.ac.uk/undergraduate/courses2025/geology/resourcemsci/,No,No,No,27000
10007792,University of Exeter,UFX4CSMCSMCQ_F603,Geology,https://www.exeter.ac.uk/undergraduate/courses2025/geology/geologymsci/,No,No,No,27000
10007792,University of Exeter,UFX4CSMCSMCR_F757,Environmental Geoscience,https://www.exeter.ac.uk/undergraduate/courses2025/geology/environmentalmsci/,No,No,No,27000
10007792,University of Exeter,UFX4ECCECCCA_D393,Animal Behaviour,https://www.exeter.ac.uk/study/undergraduate/courses2025/ecology/animalmsci/,No,No,No,22000
10007792,University of Exeter,UFX4ECCECCCB_C151,Conservation Biology and Ecology,https://www.exeter.ac.uk/study/undergraduate/courses2025/ecology/conservationmsci/,No,No,No,24000
10007792,University of Exeter,UFX4ECCECCCC_C184,Evolutionary Biology,https://www.exeter.ac.uk/study/undergraduate/courses2025/ecology/evobiologymsci/,No,No,No,24000
10007792,University of Exeter,UFX4ECCECCCD_C302,Zoology,https://www.exeter.ac.uk/study/undergraduate/courses2025/ecology/zoologymsci/,No,No,No,22000
10007792,University of Exeter,UFX4ECCECCCE_CF16,Marine Biology,https://www.exeter.ac.uk/study/undergraduate/courses2025/ecology/marinebiomsci/,No,No,No,24000
10007792,University of Exeter,UFX4ECSECS02_H302,Mechanical Engineering,https://www.exeter.ac.uk/undergraduate/courses2025/engineering/mechanicalmeng/,No,Yes,No,32000
10007792,University of Exeter,UFX4ECSECS06_H202,Civil Engineering,https://www.exeter.ac.uk/undergraduate/courses2025/engineering/civilmeng/,No,Yes,Yes,29500
10007792,University of Exeter,UFX4ECSECS10_H704,Engineering and Management,https://www.exeter.ac.uk/undergraduate/courses2025/engineering/managementmeng/,No,Yes,Yes,31500
10007792,University of Exeter,UFX4ECSECS16_H104,Engineering,https://www.exeter.ac.uk/undergraduate/courses2025/engineering/engineeringmeng/,No,No,No,31500
10007792,University of Exeter,UFX4ECSECS36_I402,Computer Science,https://www.exeter.ac.uk/undergraduate/courses2025/computerscience/comscimsci/,No,No,No,33500
10007792,University of Exeter,UFX4ECSECS38_H700,Engineering and Entrepreneurship,https://www.exeter.ac.uk/undergraduate/courses2025/engineering/engineering-entrepreneurship/,No,Yes,No,31500
10007792,University of Exeter,UFX4ECSECS39_GG17,Data Science,https://www.exeter.ac.uk/undergraduate/courses2025/datascience/datamsci/,No,No,No,33500
10007792,University of Exeter,UFX4ECSECS40_H115,Environmental Engineering,https://www.exeter.ac.uk/study/undergraduate/courses2025/engineering/chemicalmeng/,No,No,No,31500
10007792,University of Exeter,UFX4ECSECS41_H111,Robotics and Artificial Intelligence,https://www.exeter.ac.uk/study/undergraduate/courses2025/engineering/roboticsmeng/,No,No,No,31500
10007792,University of Exeter,UFX4ECSECSCA_H134,Environmental Engineering,https://www.exeter.ac.uk/study/undergraduate/courses2025/engineering/environmentalmeng/,No,No,No,31500
10007792,University of Exeter,UFX4ECSMAS01_GG4D,Computer Science and Mathematics,https://www.exeter.ac.uk/undergraduate/courses2025/computerscience/comscimathsmsci/,No,No,No,30000
10007792,University of Exeter,UFX4EMSEMS02_B700,Nursing,https://www.exeter.ac.uk/undergraduate/courses2025/nursing/nursingmsci/,No,No,No,27500
10007792,University of Exeter,UFX4EMSEMS06_U05M,Biomedical Sciences (Human Genomics),https://www.exeter.ac.uk/study/undergraduate/courses2025/medicalsci/biomedical#course-content,No,No,No,27500
10007792,University of Exeter,UFX4ENSENS01_H129,Electrical and Electronic Engineering,https://www.exeter.ac.uk/study/undergraduate/courses2025/engineering/electronicmeng/,No,Yes,No,32500
10007792,University of Exeter,UFX4GAEGAECB_F751,Environmental Science,https://www.exeter.ac.uk/undergraduate/courses2025/envsci/envscimsci/,No,No,No,22500
10007792,University of Exeter,UFX4IAIIAI01_T605,Arabic & Islamic Studies,https://www.exeter.ac.uk/undergraduate/courses2025/arabislamic/marabic/,No,No,Yes,28000
10007792,University of Exeter,UFX4MASMAS04_G102,Mathematics,https://www.exeter.ac.uk/undergraduate/courses2025/mathematics/mathsmm/,No,Yes,No,30000
10007792,University of Exeter,UFX4MASMAS06_G103,Mathematics,https://www.exeter.ac.uk/study/undergraduate/courses2025/mathematics/,No,No,No,30000
10007792,University of Exeter,UFX4MASMAS09_G104,Mathematics with Professional Experience,https://www.exeter.ac.uk/undergraduate/courses2025/mathematics/mathsmm#course-variants,No,No,No,30000
10007792,University of Exeter,UFX4MASMAS13_GG19,Mathematics and Data Science,https://www.exeter.ac.uk/undergraduate/courses2025/mathematics/mathsdatasciencemsci/,No,No,No,30000
10007792,University of Exeter,UFX4MASSBE02_G1N6,Mathematics with Management,https://www.exeter.ac.uk/undergraduate/courses2025/mathematics/mathsmanagemsci/,No,Yes,No,30000
10007792,University of Exeter,UFX4MASSBE03_G1N8,Mathematics with Finance,https://www.exeter.ac.uk/undergraduate/courses2025/mathematics/mathsfinancemsci/,No,Yes,No,30000
10007792,University of Exeter,UFX4MASSBE04_G1N7,Mathematics with Economics,https://www.exeter.ac.uk/undergraduate/courses2025/mathematics/mathseconomicsmsci/,No,Yes,No,30000
10007792,University of Exeter,UFX4MASSBE05_G1N5,Mathematics with Accounting,https://www.exeter.ac.uk/undergraduate/courses2025/mathematics/mathsaccountingmsci/,No,Yes,No,30000
10007792,University of Exeter,UFX4NSCNSC01_FGC0,Natural Sciences,https://www.exeter.ac.uk/undergraduate/courses2025/natural-sciences/msci/,No,No,No,31500
10007792,University of Exeter,UFX4PHYPHY19_F303,Physics,https://www.exeter.ac.uk/undergraduate/courses2025/physics/physicsmphys/,No,Yes,Yes,33000
10007792,University of Exeter,UFX4PHYPHY20_F3FM,Physics with Astrophysics,https://www.exeter.ac.uk/undergraduate/courses2025/physics/astromphys/,No,Yes,Yes,33000
10007792,University of Exeter,UFX4PHYPHY21_F316,Theoretical Physics,https://www.exeter.ac.uk/study/undergraduate/courses2025/physics/theoreticalmphys/,No,Yes,Yes,33000
10007792,University of Exeter,UFX4PHYPHY22_F318,Physics with Biophysics,https://www.exeter.ac.uk/study/undergraduate/courses2025/physics/biophysicsmphys/,No,Yes,Yes,33000
10007792,University of Exeter,UFX4PHYPHY23_F326,Physics with Quantum Technology,https://www.exeter.ac.uk/study/undergraduate/courses2025/physics/quantummphys/,No,Yes,Yes,33000
10007792,University of Exeter,UFX4PSYPSY01_C811,Applied Psychology (Clinical),https://www.exeter.ac.uk/undergraduate/courses2025/psychology/msciapppsy/,No,No,No,26000
